1117314.PCIT_18459	PCIT_18459	Pseudoalteromonas citrea	1117314	aliases:540254292,GI:540254292,ERG17084.1,ERG17084,PCIT_18459,WP_010363783.1,U1KJB0_9GAMM,U1KJB0
1117315.AHCA01000014_gene3905	1117315.AHCA01000014_gene3905	Pseudoalteromonas haloplanktis	1117315	aliases:A0A1Q8FIN2_PSEHA,WP_075170786.1,A0A1Q8FIN2,AWH60_15705,AHCA01000014_GENE3905
1117318.PRUB_13551	PRUB_13551	Pseudoalteromonas rubra	1117318	aliases:GI:540285987,ERG44630,U1KQG1,540285987,WP_010386972.1,U1KQG1_9GAMM,ERG44630.1,ALU43447,PRUB_13551,PRR:AT705_11125
1216007.AOPM01000021_gene3092	TW72_15915	Pseudoalteromonas ruthenica	1216007	aliases:WP_022943929.1,A0A0F4PKD1,AOPM01000021_GENE3092,A0A0F4PKD1_9GAMM,TW72_15915
1268239.PALB_1740	PALB_1740	Pseudoalteromonas luteoviolacea	1268239	aliases:441750192,L8CZB5,CCQ09335.1,CCQ09335,GI:441750192,L8CZB5_9GAMM,PALB_1740
1348114.OM33_02585	OM33_02585	Pseudoalteromonas sp.	1348114	aliases:AIY64163.1,GI:728050974,OM33_02585,A0A0A7ECE8_9GAMM,AIY64163,728050974,WP_038638373.1,A0A0A7ECE8,PSEO:OM33_02585
1333507.AUTQ01000085_gene1723	1333507.AUTQ01000085_gene1723	Pseudoalteromonas haloplanktis	1333507	aliases:AUTQ01000085_GENE1723
156578.ATW7_17277	ATW7_17277	Alteromonadales bacterium	156578	aliases:EAW26456,119445164,GI:119445164,A0Y5G6_9GAMM,ATW7_17277,EAW26456.1,A0Y5G6,WP_006794223.1
314275.MADE_1011530	AEA98442.1	Alteromonas macleodii	314275	aliases:A0A1J0SSM7,MADE_1011530,327551724,AMC:MADE_1011530,GI:327551724,AEA98442.1,WP_071951751.1,A0A1J0SSM7_9ALTE,AEA98442,BM525_10690
1123236.KB899376_gene1203	1123236.KB899376_gene1203	Salinimonas chungwhensis	1123236	aliases:KB899376_GENE1203
1298865.H978DRAFT_1749	EXF49202.1	Alteromonas sp.	1298865	aliases:RHODANESE-RELATED SULFURTRANSFERASE,A0A010PG84,588495904,A0A010PG84_9ALTE,H978DRAFT_1749,GI:588495904,EXF49202,WP_025255553.1,EXF49202.1
326442.PSHAa2836	PSHAa2836	Pseudoalteromonas haloplanktis	326442	aliases:CONSERVED PROTEIN OF UNKNOWN FUNCTION,PSHAA2836,Q3IJM9,WP_011329465.1,CAI87873.1,GI:76876651,UNIPROTKB/TREMBL:Q3IJM9,CAI87873,IPR001763,INTERPRO:IPR001763,PHA:PSHAA2836,Q3IJM9_PSEHT,32566946,76876651
1117319.PSPO_04242	PSPO_a3121	Pseudoalteromonas spongiae	1117319	aliases:ERG54733.1,PSPO_04242,A0A290T7E7,A0A290T7E7_9GAMM,PSPO_A3121,540293853,PSPO:PSPO_A3121,ERG54733,GI:540293853,ATC99969
1307437.J139_18036	J139_18036	Pseudoalteromonas agarivorans	1307437	aliases:ENN97340,J139_18036,N6VU09,N6VU09_9GAMM,WP_004589222.1,ENN97340.1,478441231,GI:478441231
589873.EP13_11330	EP13_11330	Alteromonas australica	589873	aliases:A0A075P7E1,AAL:EP13_11330,WP_044057338.1,GI:666082734,AIF99227.1,A0A075P7E1_9ALTE,EP13_11330,666082734,AIF99227
283699.D172_1380	D172_1380	Pseudoalteromonas sp.	283699	aliases:GI:410807465,D172_1380,EKS13443,EKS13443.1,PBW:D172_016330,ALQ09494,410807465
1085623.GNIT_0163	GNIT_0163	Glaciecola nitratireducens	1085623	aliases:WP_014107196.1,GNIT_0163,G4QIX8_GLANF,G4QIX8,347944967,GNI:GNIT_0163,AEP28317,GI:347944967,AEP28317.1
1120953.AUBH01000006_gene2779	1120953.AUBH01000006_gene2779	Aestuariibacter salexigens	1120953	aliases:AUBH01000006_GENE2779
715451.ambt_05990	ambt_05990	Alteromonas sp.	715451	aliases:GI:332992680,AMBT_05990,ALT:AMBT_05990,AEF02735.1,F5ZBE2,AEF02735,F5ZBE2_ALTNA,332992680
1537994.JQFW01000057_gene388	1537994.JQFW01000057_gene388	Alteromonas sp.	1537994	aliases:JQFW01000057_GENE388
1129794.C427_2899	C427_2899	Glaciecola psychrophila	1129794	aliases:WP_007635609.1,GI:469485155,K6YUH4_9ALTE,K6YUH4,AGH45008.1,C427_2899,GPS:C427_2899,469485155,AGH45008
87626.PTD2_09923	PTD2_09923	Pseudoalteromonas tunicata	87626	aliases:GI:88817070,A4CE77,EAR26889,A4CE77_9GAMM,PTD2_09923,ATC93075,WP_009839132.1,88817070,EAR26889.1,PTU:PTUN_A0257
234831.PSM_A2900	PSM_A2900	Pseudoalteromonas sp.	234831	aliases:PSM_A2900,ADT69813.1,PSM:PSM_A2900,315016475,ADT69813,GI:315016475
342610.Patl_2086	Patl_2086	Pseudoalteromonas atlantica	342610	aliases:ABG40604,INTERPRO:IPR001763,ABG40604.1,PAT:PATL_2086,GI:109700684,Q15U34_PSEA6,RHODANESE-LIKE PROTEIN,IPR001763,109700684,Q15U34,PATL_2086
493475.GARC_0331	GARC_0331	Glaciecola arctica	493475	aliases:K6YL38_9ALTE,WP_007616068.1,GAC17313.1,GI:410150674,GARC_0331,410150674,K6YL38,GAC17313
1004785.AMBLS11_10865	AFT78750.1	Alteromonas macleodii	1004785	aliases:K0D236_ALTMS,AMBLS11_10865,K0D236,AMK:AMBLS11_10865,AFT78750,407249565,WP_014998688.1,AFT78750.1,GI:407249565
722419.PH505_an00310	EGI73751.1	Pseudoalteromonas haloplanktis	722419	aliases:EGI73751.1,WP_002959525.1,GI:332037296,F3BI15_PSEHA,EGI73751,332037296,F3BI15,PH505_AN00310
1127673.GLIP_0404	GLIP_0404	Glaciecola lipolytica	1127673	aliases:GLIP_0404,GAC13051,K6XMZ1,WP_008842871.1,410145204,GAC13051.1,K6XMZ1_9ALTE,GI:410145204